{
  "id": "2007482",
  "name": "华为商城",
  "font_family": "iconfont",
  "css_prefix_text": "icon",
  "description": "",
  "glyphs": [
    {
      "icon_id": "15175971",
      "name": "购物 车",
      "font_class": "gouwuche",
      "unicode": "e62f",
      "unicode_decimal": 58927
    },
    {
      "icon_id": "248345",
      "name": "百度",
      "font_class": "baidu",
      "unicode": "e600",
      "unicode_decimal": 58880
    },
    {
      "icon_id": "283049",
      "name": "返回顶部",
      "font_class": "huidingbu",
      "unicode": "e604",
      "unicode_decimal": 58884
    },
    {
      "icon_id": "308752",
      "name": "微信",
      "font_class": "weixin",
      "unicode": "e63d",
      "unicode_decimal": 58941
    },
    {
      "icon_id": "308779",
      "name": "qq",
      "font_class": "qq",
      "unicode": "e642",
      "unicode_decimal": 58946
    },
    {
      "icon_id": "970823",
      "name": "搜索",
      "font_class": "sousuo",
      "unicode": "e641",
      "unicode_decimal": 58945
    },
    {
      "icon_id": "1155820",
      "name": "关闭密码显示",
      "font_class": "gbmmxs",
      "unicode": "e625",
      "unicode_decimal": 58917
    },
    {
      "icon_id": "1762006",
      "name": "微博",
      "font_class": "weibo",
      "unicode": "e624",
      "unicode_decimal": 58916
    },
    {
      "icon_id": "3595553",
      "name": "星星",
      "font_class": "xingxing",
      "unicode": "e61c",
      "unicode_decimal": 58908
    },
    {
      "icon_id": "3982787",
      "name": "交换",
      "font_class": "jiaohuan",
      "unicode": "e6a0",
      "unicode_decimal": 59040
    },
    {
      "icon_id": "4391995",
      "name": "首页",
      "font_class": "shouye",
      "unicode": "e601",
      "unicode_decimal": 58881
    },
    {
      "icon_id": "5299028",
      "name": "79_献爱心",
      "font_class": "_xianaixin",
      "unicode": "e627",
      "unicode_decimal": 58919
    },
    {
      "icon_id": "5645801",
      "name": "左拉-小",
      "font_class": "zuola1",
      "unicode": "e603",
      "unicode_decimal": 58883
    },
    {
      "icon_id": "6070868",
      "name": "显示密码",
      "font_class": "xsmm",
      "unicode": "e64d",
      "unicode_decimal": 58957
    },
    {
      "icon_id": "6216053",
      "name": "安卓",
      "font_class": "anzhuo",
      "unicode": "e602",
      "unicode_decimal": 58882
    },
    {
      "icon_id": "6319369",
      "name": "下  拉",
      "font_class": "shangla",
      "unicode": "e605",
      "unicode_decimal": 58885
    },
    {
      "icon_id": "7004233",
      "name": "下拉三角",
      "font_class": "weibiaoti",
      "unicode": "e626",
      "unicode_decimal": 58918
    },
    {
      "icon_id": "7210697",
      "name": "菜单",
      "font_class": "caidan",
      "unicode": "e630",
      "unicode_decimal": 58928
    },
    {
      "icon_id": "7531665",
      "name": "在线客服 (1)",
      "font_class": "zaixiankefu",
      "unicode": "e606",
      "unicode_decimal": 58886
    },
    {
      "icon_id": "9438005",
      "name": "关  闭",
      "font_class": "close",
      "unicode": "e61d",
      "unicode_decimal": 58909
    },
    {
      "icon_id": "10033203",
      "name": "头条版3vg",
      "font_class": "toutiao",
      "unicode": "e640",
      "unicode_decimal": 58944
    },
    {
      "icon_id": "10240486",
      "name": "赞",
      "font_class": "zan",
      "unicode": "e661",
      "unicode_decimal": 58977
    },
    {
      "icon_id": "10451843",
      "name": "提示",
      "font_class": "tishi",
      "unicode": "e62e",
      "unicode_decimal": 58926
    },
    {
      "icon_id": "10552159",
      "name": "页头_空购物车",
      "font_class": "kgouwuche",
      "unicode": "e607",
      "unicode_decimal": 58887
    },
    {
      "icon_id": "11082752",
      "name": "右拉",
      "font_class": "youla",
      "unicode": "e643",
      "unicode_decimal": 58947
    },
    {
      "icon_id": "11082757",
      "name": "左拉",
      "font_class": "zuola",
      "unicode": "e644",
      "unicode_decimal": 58948
    },
    {
      "icon_id": "11849716",
      "name": "右拉",
      "font_class": "youla1",
      "unicode": "e707",
      "unicode_decimal": 59143
    },
    {
      "icon_id": "11944888",
      "name": "下  拉",
      "font_class": "xiala1",
      "unicode": "e704",
      "unicode_decimal": 59140
    },
    {
      "icon_id": "11998300",
      "name": "警示",
      "font_class": "jingshi",
      "unicode": "e628",
      "unicode_decimal": 58920
    },
    {
      "icon_id": "12521668",
      "name": "苹果",
      "font_class": "pingguo",
      "unicode": "e687",
      "unicode_decimal": 59015
    },
    {
      "icon_id": "12685474",
      "name": "菜单",
      "font_class": "huabanfuben",
      "unicode": "e635",
      "unicode_decimal": 58933
    },
    {
      "icon_id": "13020100",
      "name": "支付宝",
      "font_class": "zhifubao",
      "unicode": "e608",
      "unicode_decimal": 58888
    }
  ]
}
